bill_id,bill_type,timestamp_upload,bill_date,units_of_measure,consumption,service_start,service_end,provider,city,state,zip,cost,file_source
1,Power,2015-01-05 10:00:00,2015-01-01,kWh,180000.0,2015-01-01,2015-01-31,Georgia Power,Duluth,GA,30096,18000.0,internal
2,Gas,2015-01-05 10:00:00,2015-01-01,therms,4500.0,2015-01-01,2015-01-31,Gas South,Duluth,GA,30096,2700.0,internal
3,Water,2015-01-05 10:00:00,2015-01-01,CCF,900.0,2015-01-01,2015-01-31,Gwinnett P.U.,Duluth,GA,30096,540.0,internal
4,Power,2015-02-05 10:00:00,2015-02-01,kWh,171000.0,2015-02-01,2015-02-28,Georgia Power,Duluth,GA,30096,17100.0,internal
5,Gas,2015-02-05 10:00:00,2015-02-01,therms,4275.0,2015-02-01,2015-02-28,Gas South,Duluth,GA,30096,2565.0,internal
6,Water,2015-02-05 10:00:00,2015-02-01,CCF,882.0,2015-02-01,2015-02-28,Gwinnett P.U.,Duluth,GA,30096,529.2,internal
7,Power,2015-03-05 10:00:00,2015-03-01,kWh,185400.0,2015-03-01,2015-03-31,Georgia Power,Duluth,GA,30096,18540.0,internal
8,Gas,2015-03-05 10:00:00,2015-03-01,therms,4050.0,2015-03-01,2015-03-31,Gas South,Duluth,GA,30096,2430.0,internal
9,Water,2015-03-05 10:00:00,2015-03-01,CCF,900.0,2015-03-01,2015-03-31,Gwinnett P.U.,Duluth,GA,30096,540.0,internal
10,Power,2015-04-05 10:00:00,2015-04-01,kWh,189000.0,2015-04-01,2015-04-30,Georgia Power,Duluth,GA,30096,18900.0,internal
11,Gas,2015-04-05 10:00:00,2015-04-01,therms,3600.0,2015-04-01,2015-04-30,Gas South,Duluth,GA,30096,2160.0,internal
12,Water,2015-04-05 10:00:00,2015-04-01,CCF,945.0,2015-04-01,2015-04-30,Gwinnett P.U.,Duluth,GA,30096,567.0,internal
13,Power,2015-05-05 10:00:00,2015-05-01,kWh,198000.0,2015-05-01,2015-05-31,Georgia Power,Duluth,GA,30096,19800.0,internal
14,Gas,2015-05-05 10:00:00,2015-05-01,therms,3150.0,2015-05-01,2015-05-31,Gas South,Duluth,GA,30096,1890.0,internal
15,Water,2015-05-05 10:00:00,2015-05-01,CCF,990.0,2015-05-01,2015-05-31,Gwinnett P.U.,Duluth,GA,30096,594.0,internal
16,Power,2015-06-05 10:00:00,2015-06-01,kWh,216000.0,2015-06-01,2015-06-30,Georgia Power,Duluth,GA,30096,21600.0,internal
17,Gas,2015-06-05 10:00:00,2015-06-01,therms,2700.0,2015-06-01,2015-06-30,Gas South,Duluth,GA,30096,1620.0,internal
18,Water,2015-06-05 10:00:00,2015-06-01,CCF,1080.0,2015-06-01,2015-06-30,Gwinnett P.U.,Duluth,GA,30096,648.0,internal
19,Power,2015-07-05 10:00:00,2015-07-01,kWh,225000.0,2015-07-01,2015-07-31,Georgia Power,Duluth,GA,30096,22500.0,internal
20,Gas,2015-07-05 10:00:00,2015-07-01,therms,2250.0,2015-07-01,2015-07-31,Gas South,Duluth,GA,30096,1350.0,internal
21,Water,2015-07-05 10:00:00,2015-07-01,CCF,1170.0,2015-07-01,2015-07-31,Gwinnett P.U.,Duluth,GA,30096,702.0,internal
22,Power,2015-08-05 10:00:00,2015-08-01,kWh,225000.0,2015-08-01,2015-08-31,Georgia Power,Duluth,GA,30096,22500.0,internal
23,Gas,2015-08-05 10:00:00,2015-08-01,therms,2250.0,2015-08-01,2015-08-31,Gas South,Duluth,GA,30096,1350.0,internal
24,Water,2015-08-05 10:00:00,2015-08-01,CCF,1170.0,2015-08-01,2015-08-31,Gwinnett P.U.,Duluth,GA,30096,702.0,internal
25,Power,2015-09-05 10:00:00,2015-09-01,kWh,207000.0,2015-09-01,2015-09-30,Georgia Power,Duluth,GA,30096,20700.0,internal
26,Gas,2015-09-05 10:00:00,2015-09-01,therms,2700.0,2015-09-01,2015-09-30,Gas South,Duluth,GA,30096,1620.0,internal
27,Water,2015-09-05 10:00:00,2015-09-01,CCF,1080.0,2015-09-01,2015-09-30,Gwinnett P.U.,Duluth,GA,30096,648.0,internal
28,Power,2015-10-05 10:00:00,2015-10-01,kWh,189000.0,2015-10-01,2015-10-31,Georgia Power,Duluth,GA,30096,18900.0,internal
29,Gas,2015-10-05 10:00:00,2015-10-01,therms,3600.0,2015-10-01,2015-10-31,Gas South,Duluth,GA,30096,2160.0,internal
30,Water,2015-10-05 10:00:00,2015-10-01,CCF,990.0,2015-10-01,2015-10-31,Gwinnett P.U.,Duluth,GA,30096,594.0,internal
31,Power,2015-11-05 10:00:00,2015-11-01,kWh,180000.0,2015-11-01,2015-11-30,Georgia Power,Duluth,GA,30096,18000.0,internal
32,Gas,2015-11-05 10:00:00,2015-11-01,therms,4050.0,2015-11-01,2015-11-30,Gas South,Duluth,GA,30096,2430.0,internal
33,Water,2015-11-05 10:00:00,2015-11-01,CCF,945.0,2015-11-01,2015-11-30,Gwinnett P.U.,Duluth,GA,30096,567.0,internal
34,Power,2015-12-05 10:00:00,2015-12-01,kWh,176400.0,2015-12-01,2015-12-31,Georgia Power,Duluth,GA,30096,17640.0,internal
35,Gas,2015-12-05 10:00:00,2015-12-01,therms,4500.0,2015-12-01,2015-12-31,Gas South,Duluth,GA,30096,2700.0,internal
36,Water,2015-12-05 10:00:00,2015-12-01,CCF,900.0,2015-12-01,2015-12-31,Gwinnett P.U.,Duluth,GA,30096,540.0,internal
37,Power,2016-01-05 10:00:00,2016-01-01,kWh,189000.0,2016-01-01,2016-01-31,Georgia Power,Duluth,GA,30096,18900.0,internal
38,Gas,2016-01-05 10:00:00,2016-01-01,therms,4635.0,2016-01-01,2016-01-31,Gas South,Duluth,GA,30096,2781.0,internal
39,Water,2016-01-05 10:00:00,2016-01-01,CCF,936.0,2016-01-01,2016-01-31,Gwinnett P.U.,Duluth,GA,30096,561.6,internal
40,Power,2016-02-05 10:00:00,2016-02-01,kWh,179550.0,2016-02-01,2016-02-29,Georgia Power,Duluth,GA,30096,17955.0,internal
41,Gas,2016-02-05 10:00:00,2016-02-01,therms,4403.25,2016-02-01,2016-02-29,Gas South,Duluth,GA,30096,2641.95,internal
42,Water,2016-02-05 10:00:00,2016-02-01,CCF,917.28,2016-02-01,2016-02-29,Gwinnett P.U.,Duluth,GA,30096,550.37,internal
43,Power,2016-03-05 10:00:00,2016-03-01,kWh,194670.0,2016-03-01,2016-03-31,Georgia Power,Duluth,GA,30096,19467.0,internal
44,Gas,2016-03-05 10:00:00,2016-03-01,therms,4171.5,2016-03-01,2016-03-31,Gas South,Duluth,GA,30096,2502.9,internal
45,Water,2016-03-05 10:00:00,2016-03-01,CCF,936.0,2016-03-01,2016-03-31,Gwinnett P.U.,Duluth,GA,30096,561.6,internal
46,Power,2016-04-05 10:00:00,2016-04-01,kWh,198450.0,2016-04-01,2016-04-30,Georgia Power,Duluth,GA,30096,19845.0,internal
47,Gas,2016-04-05 10:00:00,2016-04-01,therms,3708.0,2016-04-01,2016-04-30,Gas South,Duluth,GA,30096,2224.8,internal
48,Water,2016-04-05 10:00:00,2016-04-01,CCF,982.8,2016-04-01,2016-04-30,Gwinnett P.U.,Duluth,GA,30096,589.68,internal
49,Power,2016-05-05 10:00:00,2016-05-01,kWh,207900.0,2016-05-01,2016-05-31,Georgia Power,Duluth,GA,30096,20790.0,internal
50,Gas,2016-05-05 10:00:00,2016-05-01,therms,3244.5,2016-05-01,2016-05-31,Gas South,Duluth,GA,30096,1946.7,internal
51,Water,2016-05-05 10:00:00,2016-05-01,CCF,1029.6,2016-05-01,2016-05-31,Gwinnett P.U.,Duluth,GA,30096,617.76,internal
52,Power,2016-06-05 10:00:00,2016-06-01,kWh,226800.0,2016-06-01,2016-06-30,Georgia Power,Duluth,GA,30096,22680.0,internal
53,Gas,2016-06-05 10:00:00,2016-06-01,therms,2781.0,2016-06-01,2016-06-30,Gas South,Duluth,GA,30096,1668.6,internal
54,Water,2016-06-05 10:00:00,2016-06-01,CCF,1123.2,2016-06-01,2016-06-30,Gwinnett P.U.,Duluth,GA,30096,673.92,internal
55,Power,2016-07-05 10:00:00,2016-07-01,kWh,236250.0,2016-07-01,2016-07-31,Georgia Power,Duluth,GA,30096,23625.0,internal
56,Gas,2016-07-05 10:00:00,2016-07-01,therms,2317.5,2016-07-01,2016-07-31,Gas South,Duluth,GA,30096,1390.5,internal
57,Water,2016-07-05 10:00:00,2016-07-01,CCF,1216.8,2016-07-01,2016-07-31,Gwinnett P.U.,Duluth,GA,30096,730.08,internal
58,Power,2016-08-05 10:00:00,2016-08-01,kWh,236250.0,2016-08-01,2016-08-31,Georgia Power,Duluth,GA,30096,23625.0,internal
59,Gas,2016-08-05 10:00:00,2016-08-01,therms,2317.5,2016-08-01,2016-08-31,Gas South,Duluth,GA,30096,1390.5,internal
60,Water,2016-08-05 10:00:00,2016-08-01,CCF,1216.8,2016-08-01,2016-08-31,Gwinnett P.U.,Duluth,GA,30096,730.08,internal
61,Power,2016-09-05 10:00:00,2016-09-01,kWh,217350.0,2016-09-01,2016-09-30,Georgia Power,Duluth,GA,30096,21735.0,internal
62,Gas,2016-09-05 10:00:00,2016-09-01,therms,2781.0,2016-09-01,2016-09-30,Gas South,Duluth,GA,30096,1668.6,internal
63,Water,2016-09-05 10:00:00,2016-09-01,CCF,1123.2,2016-09-01,2016-09-30,Gwinnett P.U.,Duluth,GA,30096,673.92,internal
64,Power,2016-10-05 10:00:00,2016-10-01,kWh,198450.0,2016-10-01,2016-10-31,Georgia Power,Duluth,GA,30096,19845.0,internal
65,Gas,2016-10-05 10:00:00,2016-10-01,therms,3708.0,2016-10-01,2016-10-31,Gas South,Duluth,GA,30096,2224.8,internal
66,Water,2016-10-05 10:00:00,2016-10-01,CCF,1029.6,2016-10-01,2016-10-31,Gwinnett P.U.,Duluth,GA,30096,617.76,internal
67,Power,2016-11-05 10:00:00,2016-11-01,kWh,189000.0,2016-11-01,2016-11-30,Georgia Power,Duluth,GA,30096,18900.0,internal
68,Gas,2016-11-05 10:00:00,2016-11-01,therms,4171.5,2016-11-01,2016-11-30,Gas South,Duluth,GA,30096,2502.9,internal
69,Water,2016-11-05 10:00:00,2016-11-01,CCF,982.8,2016-11-01,2016-11-30,Gwinnett P.U.,Duluth,GA,30096,589.68,internal
70,Power,2016-12-05 10:00:00,2016-12-01,kWh,185220.0,2016-12-01,2016-12-31,Georgia Power,Duluth,GA,30096,18522.0,internal
71,Gas,2016-12-05 10:00:00,2016-12-01,therms,4635.0,2016-12-01,2016-12-31,Gas South,Duluth,GA,30096,2781.0,internal
72,Water,2016-12-05 10:00:00,2016-12-01,CCF,936.0,2016-12-01,2016-12-31,Gwinnett P.U.,Duluth,GA,30096,561.6,internal
73,Power,2017-01-05 10:00:00,2017-01-01,kWh,198450.0,2017-01-01,2017-01-31,Georgia Power,Duluth,GA,30096,19845.0,internal
74,Gas,2017-01-05 10:00:00,2017-01-01,therms,4774.05,2017-01-01,2017-01-31,Gas South,Duluth,GA,30096,2864.43,internal
75,Water,2017-01-05 10:00:00,2017-01-01,CCF,973.44,2017-01-01,2017-01-31,Gwinnett P.U.,Duluth,GA,30096,584.06,internal
76,Power,2017-02-05 10:00:00,2017-02-01,kWh,188527.5,2017-02-01,2017-02-28,Georgia Power,Duluth,GA,30096,18852.75,internal
77,Gas,2017-02-05 10:00:00,2017-02-01,therms,4535.35,2017-02-01,2017-02-28,Gas South,Duluth,GA,30096,2721.21,internal
78,Water,2017-02-05 10:00:00,2017-02-01,CCF,953.97,2017-02-01,2017-02-28,Gwinnett P.U.,Duluth,GA,30096,572.38,internal
79,Power,2017-03-05 10:00:00,2017-03-01,kWh,204403.5,2017-03-01,2017-03-31,Georgia Power,Duluth,GA,30096,20440.35,internal
80,Gas,2017-03-05 10:00:00,2017-03-01,therms,4296.64,2017-03-01,2017-03-31,Gas South,Duluth,GA,30096,2577.99,internal
81,Water,2017-03-05 10:00:00,2017-03-01,CCF,973.44,2017-03-01,2017-03-31,Gwinnett P.U.,Duluth,GA,30096,584.06,internal
82,Power,2017-04-05 10:00:00,2017-04-01,kWh,208372.5,2017-04-01,2017-04-30,Georgia Power,Duluth,GA,30096,20837.25,internal
83,Gas,2017-04-05 10:00:00,2017-04-01,therms,3819.24,2017-04-01,2017-04-30,Gas South,Duluth,GA,30096,2291.54,internal
84,Water,2017-04-05 10:00:00,2017-04-01,CCF,1022.11,2017-04-01,2017-04-30,Gwinnett P.U.,Duluth,GA,30096,613.27,internal
85,Power,2017-05-05 10:00:00,2017-05-01,kWh,218295.0,2017-05-01,2017-05-31,Georgia Power,Duluth,GA,30096,21829.5,internal
86,Gas,2017-05-05 10:00:00,2017-05-01,therms,3341.84,2017-05-01,2017-05-31,Gas South,Duluth,GA,30096,2005.1,internal
87,Water,2017-05-05 10:00:00,2017-05-01,CCF,1070.78,2017-05-01,2017-05-31,Gwinnett P.U.,Duluth,GA,30096,642.47,internal
88,Power,2017-06-05 10:00:00,2017-06-01,kWh,238140.0,2017-06-01,2017-06-30,Georgia Power,Duluth,GA,30096,23814.0,internal
89,Gas,2017-06-05 10:00:00,2017-06-01,therms,2864.43,2017-06-01,2017-06-30,Gas South,Duluth,GA,30096,1718.66,internal
90,Water,2017-06-05 10:00:00,2017-06-01,CCF,1168.13,2017-06-01,2017-06-30,Gwinnett P.U.,Duluth,GA,30096,700.88,internal
91,Power,2017-07-05 10:00:00,2017-07-01,kWh,248062.5,2017-07-01,2017-07-31,Georgia Power,Duluth,GA,30096,24806.25,internal
92,Gas,2017-07-05 10:00:00,2017-07-01,therms,2387.03,2017-07-01,2017-07-31,Gas South,Duluth,GA,30096,1432.21,internal
93,Water,2017-07-05 10:00:00,2017-07-01,CCF,1265.47,2017-07-01,2017-07-31,Gwinnett P.U.,Duluth,GA,30096,759.28,internal
94,Power,2017-08-05 10:00:00,2017-08-01,kWh,248062.5,2017-08-01,2017-08-31,Georgia Power,Duluth,GA,30096,24806.25,internal
95,Gas,2017-08-05 10:00:00,2017-08-01,therms,2387.03,2017-08-01,2017-08-31,Gas South,Duluth,GA,30096,1432.21,internal
96,Water,2017-08-05 10:00:00,2017-08-01,CCF,1265.47,2017-08-01,2017-08-31,Gwinnett P.U.,Duluth,GA,30096,759.28,internal
97,Power,2017-09-05 10:00:00,2017-09-01,kWh,228217.5,2017-09-01,2017-09-30,Georgia Power,Duluth,GA,30096,22821.75,internal
98,Gas,2017-09-05 10:00:00,2017-09-01,therms,2864.43,2017-09-01,2017-09-30,Gas South,Duluth,GA,30096,1718.66,internal
99,Water,2017-09-05 10:00:00,2017-09-01,CCF,1168.13,2017-09-01,2017-09-30,Gwinnett P.U.,Duluth,GA,30096,700.88,internal
100,Power,2017-10-05 10:00:00,2017-10-01,kWh,208372.5,2017-10-01,2017-10-31,Georgia Power,Duluth,GA,30096,20837.25,internal
101,Gas,2017-10-05 10:00:00,2017-10-01,therms,3819.24,2017-10-01,2017-10-31,Gas South,Duluth,GA,30096,2291.54,internal
102,Water,2017-10-05 10:00:00,2017-10-01,CCF,1070.78,2017-10-01,2017-10-31,Gwinnett P.U.,Duluth,GA,30096,642.47,internal
103,Power,2017-11-05 10:00:00,2017-11-01,kWh,198450.0,2017-11-01,2017-11-30,Georgia Power,Duluth,GA,30096,19845.0,internal
104,Gas,2017-11-05 10:00:00,2017-11-01,therms,4296.64,2017-11-01,2017-11-30,Gas South,Duluth,GA,30096,2577.99,internal
105,Water,2017-11-05 10:00:00,2017-11-01,CCF,1022.11,2017-11-01,2017-11-30,Gwinnett P.U.,Duluth,GA,30096,613.27,internal
106,Power,2017-12-05 10:00:00,2017-12-01,kWh,194481.0,2017-12-01,2017-12-31,Georgia Power,Duluth,GA,30096,19448.1,internal
107,Gas,2017-12-05 10:00:00,2017-12-01,therms,4774.05,2017-12-01,2017-12-31,Gas South,Duluth,GA,30096,2864.43,internal
108,Water,2017-12-05 10:00:00,2017-12-01,CCF,973.44,2017-12-01,2017-12-31,Gwinnett P.U.,Duluth,GA,30096,584.06,internal
109,Power,2018-01-05 10:00:00,2018-01-01,kWh,208372.5,2018-01-01,2018-01-31,Georgia Power,Duluth,GA,30096,20837.25,internal
110,Gas,2018-01-05 10:00:00,2018-01-01,therms,4917.27,2018-01-01,2018-01-31,Gas South,Duluth,GA,30096,2950.36,internal
111,Water,2018-01-05 10:00:00,2018-01-01,CCF,1012.38,2018-01-01,2018-01-31,Gwinnett P.U.,Duluth,GA,30096,607.43,internal
112,Power,2018-02-05 10:00:00,2018-02-01,kWh,197953.88,2018-02-01,2018-02-28,Georgia Power,Duluth,GA,30096,19795.39,internal
113,Gas,2018-02-05 10:00:00,2018-02-01,therms,4671.41,2018-02-01,2018-02-28,Gas South,Duluth,GA,30096,2802.84,internal
114,Water,2018-02-05 10:00:00,2018-02-01,CCF,992.13,2018-02-01,2018-02-28,Gwinnett P.U.,Duluth,GA,30096,595.28,internal
115,Power,2018-03-05 10:00:00,2018-03-01,kWh,214623.68,2018-03-01,2018-03-31,Georgia Power,Duluth,GA,30096,21462.37,internal
116,Gas,2018-03-05 10:00:00,2018-03-01,therms,4425.54,2018-03-01,2018-03-31,Gas South,Duluth,GA,30096,2655.33,internal
117,Water,2018-03-05 10:00:00,2018-03-01,CCF,1012.38,2018-03-01,2018-03-31,Gwinnett P.U.,Duluth,GA,30096,607.43,internal
118,Power,2018-04-05 10:00:00,2018-04-01,kWh,218791.13,2018-04-01,2018-04-30,Georgia Power,Duluth,GA,30096,21879.11,internal
119,Gas,2018-04-05 10:00:00,2018-04-01,therms,3933.82,2018-04-01,2018-04-30,Gas South,Duluth,GA,30096,2360.29,internal
120,Water,2018-04-05 10:00:00,2018-04-01,CCF,1063.0,2018-04-01,2018-04-30,Gwinnett P.U.,Duluth,GA,30096,637.8,internal
121,Power,2018-05-05 10:00:00,2018-05-01,kWh,229209.75,2018-05-01,2018-05-31,Georgia Power,Duluth,GA,30096,22920.98,internal
122,Gas,2018-05-05 10:00:00,2018-05-01,therms,3442.09,2018-05-01,2018-05-31,Gas South,Duluth,GA,30096,2065.25,internal
123,Water,2018-05-05 10:00:00,2018-05-01,CCF,1113.62,2018-05-01,2018-05-31,Gwinnett P.U.,Duluth,GA,30096,668.17,internal
124,Power,2018-06-05 10:00:00,2018-06-01,kWh,250047.0,2018-06-01,2018-06-30,Georgia Power,Duluth,GA,30096,25004.7,internal
125,Gas,2018-06-05 10:00:00,2018-06-01,therms,2950.36,2018-06-01,2018-06-30,Gas South,Duluth,GA,30096,1770.22,internal
126,Water,2018-06-05 10:00:00,2018-06-01,CCF,1214.85,2018-06-01,2018-06-30,Gwinnett P.U.,Duluth,GA,30096,728.91,internal
127,Power,2018-07-05 10:00:00,2018-07-01,kWh,260465.63,2018-07-01,2018-07-31,Georgia Power,Duluth,GA,30096,26046.56,internal
128,Gas,2018-07-05 10:00:00,2018-07-01,therms,2458.64,2018-07-01,2018-07-31,Gas South,Duluth,GA,30096,1475.18,internal
129,Water,2018-07-05 10:00:00,2018-07-01,CCF,1316.09,2018-07-01,2018-07-31,Gwinnett P.U.,Duluth,GA,30096,789.65,internal
130,Power,2018-08-05 10:00:00,2018-08-01,kWh,260465.63,2018-08-01,2018-08-31,Georgia Power,Duluth,GA,30096,26046.56,internal
131,Gas,2018-08-05 10:00:00,2018-08-01,therms,2458.64,2018-08-01,2018-08-31,Gas South,Duluth,GA,30096,1475.18,internal
132,Water,2018-08-05 10:00:00,2018-08-01,CCF,1316.09,2018-08-01,2018-08-31,Gwinnett P.U.,Duluth,GA,30096,789.65,internal
133,Power,2018-09-05 10:00:00,2018-09-01,kWh,239628.38,2018-09-01,2018-09-30,Georgia Power,Duluth,GA,30096,23962.84,internal
134,Gas,2018-09-05 10:00:00,2018-09-01,therms,2950.36,2018-09-01,2018-09-30,Gas South,Duluth,GA,30096,1770.22,internal
135,Water,2018-09-05 10:00:00,2018-09-01,CCF,1214.85,2018-09-01,2018-09-30,Gwinnett P.U.,Duluth,GA,30096,728.91,internal
136,Power,2018-10-05 10:00:00,2018-10-01,kWh,218791.13,2018-10-01,2018-10-31,Georgia Power,Duluth,GA,30096,21879.11,internal
137,Gas,2018-10-05 10:00:00,2018-10-01,therms,3933.82,2018-10-01,2018-10-31,Gas South,Duluth,GA,30096,2360.29,internal
138,Water,2018-10-05 10:00:00,2018-10-01,CCF,1113.62,2018-10-01,2018-10-31,Gwinnett P.U.,Duluth,GA,30096,668.17,internal
139,Power,2018-11-05 10:00:00,2018-11-01,kWh,208372.5,2018-11-01,2018-11-30,Georgia Power,Duluth,GA,30096,20837.25,internal
140,Gas,2018-11-05 10:00:00,2018-11-01,therms,4425.54,2018-11-01,2018-11-30,Gas South,Duluth,GA,30096,2655.33,internal
141,Water,2018-11-05 10:00:00,2018-11-01,CCF,1063.0,2018-11-01,2018-11-30,Gwinnett P.U.,Duluth,GA,30096,637.8,internal
142,Power,2018-12-05 10:00:00,2018-12-01,kWh,204205.05,2018-12-01,2018-12-31,Georgia Power,Duluth,GA,30096,20420.51,internal
143,Gas,2018-12-05 10:00:00,2018-12-01,therms,4917.27,2018-12-01,2018-12-31,Gas South,Duluth,GA,30096,2950.36,internal
144,Water,2018-12-05 10:00:00,2018-12-01,CCF,1012.38,2018-12-01,2018-12-31,Gwinnett P.U.,Duluth,GA,30096,607.43,internal
145,Power,2019-01-05 10:00:00,2019-01-01,kWh,218791.13,2019-01-01,2019-01-31,Georgia Power,Duluth,GA,30096,21879.11,internal
146,Gas,2019-01-05 10:00:00,2019-01-01,therms,5064.79,2019-01-01,2019-01-31,Gas South,Duluth,GA,30096,3038.87,internal
147,Water,2019-01-05 10:00:00,2019-01-01,CCF,1052.87,2019-01-01,2019-01-31,Gwinnett P.U.,Duluth,GA,30096,631.72,internal
148,Power,2019-02-05 10:00:00,2019-02-01,kWh,207851.57,2019-02-01,2019-02-28,Georgia Power,Duluth,GA,30096,20785.16,internal
149,Gas,2019-02-05 10:00:00,2019-02-01,therms,4811.55,2019-02-01,2019-02-28,Gas South,Duluth,GA,30096,2886.93,internal
150,Water,2019-02-05 10:00:00,2019-02-01,CCF,1031.82,2019-02-01,2019-02-28,Gwinnett P.U.,Duluth,GA,30096,619.09,internal
151,Power,2019-03-05 10:00:00,2019-03-01,kWh,225354.86,2019-03-01,2019-03-31,Georgia Power,Duluth,GA,30096,22535.49,internal
152,Gas,2019-03-05 10:00:00,2019-03-01,therms,4558.31,2019-03-01,2019-03-31,Gas South,Duluth,GA,30096,2734.99,internal
153,Water,2019-03-05 10:00:00,2019-03-01,CCF,1052.87,2019-03-01,2019-03-31,Gwinnett P.U.,Duluth,GA,30096,631.72,internal
154,Power,2019-04-05 10:00:00,2019-04-01,kWh,229730.68,2019-04-01,2019-04-30,Georgia Power,Duluth,GA,30096,22973.07,internal
155,Gas,2019-04-05 10:00:00,2019-04-01,therms,4051.83,2019-04-01,2019-04-30,Gas South,Duluth,GA,30096,2431.1,internal
156,Water,2019-04-05 10:00:00,2019-04-01,CCF,1105.52,2019-04-01,2019-04-30,Gwinnett P.U.,Duluth,GA,30096,663.31,internal
157,Power,2019-05-05 10:00:00,2019-05-01,kWh,240670.24,2019-05-01,2019-05-31,Georgia Power,Duluth,GA,30096,24067.02,internal
158,Gas,2019-05-05 10:00:00,2019-05-01,therms,3545.35,2019-05-01,2019-05-31,Gas South,Duluth,GA,30096,2127.21,internal
159,Water,2019-05-05 10:00:00,2019-05-01,CCF,1158.16,2019-05-01,2019-05-31,Gwinnett P.U.,Duluth,GA,30096,694.9,internal
160,Power,2019-06-05 10:00:00,2019-06-01,kWh,262549.35,2019-06-01,2019-06-30,Georgia Power,Duluth,GA,30096,26254.94,internal
161,Gas,2019-06-05 10:00:00,2019-06-01,therms,3038.87,2019-06-01,2019-06-30,Gas South,Duluth,GA,30096,1823.32,internal
162,Water,2019-06-05 10:00:00,2019-06-01,CCF,1263.45,2019-06-01,2019-06-30,Gwinnett P.U.,Duluth,GA,30096,758.07,internal
163,Power,2019-07-05 10:00:00,2019-07-01,kWh,273488.91,2019-07-01,2019-07-31,Georgia Power,Duluth,GA,30096,27348.89,internal
164,Gas,2019-07-05 10:00:00,2019-07-01,therms,2532.39,2019-07-01,2019-07-31,Gas South,Duluth,GA,30096,1519.44,internal
165,Water,2019-07-05 10:00:00,2019-07-01,CCF,1368.73,2019-07-01,2019-07-31,Gwinnett P.U.,Duluth,GA,30096,821.24,internal
166,Power,2019-08-05 10:00:00,2019-08-01,kWh,273488.91,2019-08-01,2019-08-31,Georgia Power,Duluth,GA,30096,27348.89,internal
167,Gas,2019-08-05 10:00:00,2019-08-01,therms,2532.39,2019-08-01,2019-08-31,Gas South,Duluth,GA,30096,1519.44,internal
168,Water,2019-08-05 10:00:00,2019-08-01,CCF,1368.73,2019-08-01,2019-08-31,Gwinnett P.U.,Duluth,GA,30096,821.24,internal
169,Power,2019-09-05 10:00:00,2019-09-01,kWh,251609.79,2019-09-01,2019-09-30,Georgia Power,Duluth,GA,30096,25160.98,internal
170,Gas,2019-09-05 10:00:00,2019-09-01,therms,3038.87,2019-09-01,2019-09-30,Gas South,Duluth,GA,30096,1823.32,internal
171,Water,2019-09-05 10:00:00,2019-09-01,CCF,1263.45,2019-09-01,2019-09-30,Gwinnett P.U.,Duluth,GA,30096,758.07,internal
172,Power,2019-10-05 10:00:00,2019-10-01,kWh,229730.68,2019-10-01,2019-10-31,Georgia Power,Duluth,GA,30096,22973.07,internal
173,Gas,2019-10-05 10:00:00,2019-10-01,therms,4051.83,2019-10-01,2019-10-31,Gas South,Duluth,GA,30096,2431.1,internal
174,Water,2019-10-05 10:00:00,2019-10-01,CCF,1158.16,2019-10-01,2019-10-31,Gwinnett P.U.,Duluth,GA,30096,694.9,internal
175,Power,2019-11-05 10:00:00,2019-11-01,kWh,218791.13,2019-11-01,2019-11-30,Georgia Power,Duluth,GA,30096,21879.11,internal
176,Gas,2019-11-05 10:00:00,2019-11-01,therms,4558.31,2019-11-01,2019-11-30,Gas South,Duluth,GA,30096,2734.99,internal
177,Water,2019-11-05 10:00:00,2019-11-01,CCF,1105.52,2019-11-01,2019-11-30,Gwinnett P.U.,Duluth,GA,30096,663.31,internal
178,Power,2019-12-05 10:00:00,2019-12-01,kWh,214415.3,2019-12-01,2019-12-31,Georgia Power,Duluth,GA,30096,21441.53,internal
179,Gas,2019-12-05 10:00:00,2019-12-01,therms,5064.79,2019-12-01,2019-12-31,Gas South,Duluth,GA,30096,3038.87,internal
180,Water,2019-12-05 10:00:00,2019-12-01,CCF,1052.87,2019-12-01,2019-12-31,Gwinnett P.U.,Duluth,GA,30096,631.72,internal
181,Power,2020-01-05 10:00:00,2020-01-01,kWh,229730.68,2020-01-01,2020-01-31,Georgia Power,Duluth,GA,30096,22973.07,internal
182,Gas,2020-01-05 10:00:00,2020-01-01,therms,5216.73,2020-01-01,2020-01-31,Gas South,Duluth,GA,30096,3130.04,internal
183,Water,2020-01-05 10:00:00,2020-01-01,CCF,1094.99,2020-01-01,2020-01-31,Gwinnett P.U.,Duluth,GA,30096,656.99,internal
184,Power,2020-02-05 10:00:00,2020-02-01,kWh,218244.15,2020-02-01,2020-02-29,Georgia Power,Duluth,GA,30096,21824.41,internal
185,Gas,2020-02-05 10:00:00,2020-02-01,therms,4955.9,2020-02-01,2020-02-29,Gas South,Duluth,GA,30096,2973.54,internal
186,Water,2020-02-05 10:00:00,2020-02-01,CCF,1073.09,2020-02-01,2020-02-29,Gwinnett P.U.,Duluth,GA,30096,643.85,internal
187,Power,2020-03-05 10:00:00,2020-03-01,kWh,236622.6,2020-03-01,2020-03-31,Georgia Power,Duluth,GA,30096,23662.26,internal
188,Gas,2020-03-05 10:00:00,2020-03-01,therms,4695.06,2020-03-01,2020-03-31,Gas South,Duluth,GA,30096,2817.04,internal
189,Water,2020-03-05 10:00:00,2020-03-01,CCF,1094.99,2020-03-01,2020-03-31,Gwinnett P.U.,Duluth,GA,30096,656.99,internal
190,Power,2020-04-05 10:00:00,2020-04-01,kWh,241217.22,2020-04-01,2020-04-30,Georgia Power,Duluth,GA,30096,24121.72,internal
191,Gas,2020-04-05 10:00:00,2020-04-01,therms,4173.39,2020-04-01,2020-04-30,Gas South,Duluth,GA,30096,2504.03,internal
192,Water,2020-04-05 10:00:00,2020-04-01,CCF,1149.74,2020-04-01,2020-04-30,Gwinnett P.U.,Duluth,GA,30096,689.84,internal
193,Power,2020-05-05 10:00:00,2020-05-01,kWh,252703.75,2020-05-01,2020-05-31,Georgia Power,Duluth,GA,30096,25270.37,internal
194,Gas,2020-05-05 10:00:00,2020-05-01,therms,3651.71,2020-05-01,2020-05-31,Gas South,Duluth,GA,30096,2191.03,internal
195,Water,2020-05-05 10:00:00,2020-05-01,CCF,1204.49,2020-05-01,2020-05-31,Gwinnett P.U.,Duluth,GA,30096,722.69,internal
196,Power,2020-06-05 10:00:00,2020-06-01,kWh,275676.82,2020-06-01,2020-06-30,Georgia Power,Duluth,GA,30096,27567.68,internal
197,Gas,2020-06-05 10:00:00,2020-06-01,therms,3130.04,2020-06-01,2020-06-30,Gas South,Duluth,GA,30096,1878.02,internal
198,Water,2020-06-05 10:00:00,2020-06-01,CCF,1313.99,2020-06-01,2020-06-30,Gwinnett P.U.,Duluth,GA,30096,788.39,internal
199,Power,2020-07-05 10:00:00,2020-07-01,kWh,287163.35,2020-07-01,2020-07-31,Georgia Power,Duluth,GA,30096,28716.34,internal
200,Gas,2020-07-05 10:00:00,2020-07-01,therms,2608.37,2020-07-01,2020-07-31,Gas South,Duluth,GA,30096,1565.02,internal
201,Water,2020-07-05 10:00:00,2020-07-01,CCF,1423.48,2020-07-01,2020-07-31,Gwinnett P.U.,Duluth,GA,30096,854.09,internal
202,Power,2020-08-05 10:00:00,2020-08-01,kWh,287163.35,2020-08-01,2020-08-31,Georgia Power,Duluth,GA,30096,28716.34,internal
203,Gas,2020-08-05 10:00:00,2020-08-01,therms,2608.37,2020-08-01,2020-08-31,Gas South,Duluth,GA,30096,1565.02,internal
204,Water,2020-08-05 10:00:00,2020-08-01,CCF,1423.48,2020-08-01,2020-08-31,Gwinnett P.U.,Duluth,GA,30096,854.09,internal
205,Power,2020-09-05 10:00:00,2020-09-01,kWh,264190.28,2020-09-01,2020-09-30,Georgia Power,Duluth,GA,30096,26419.03,internal
206,Gas,2020-09-05 10:00:00,2020-09-01,therms,3130.04,2020-09-01,2020-09-30,Gas South,Duluth,GA,30096,1878.02,internal
207,Water,2020-09-05 10:00:00,2020-09-01,CCF,1313.99,2020-09-01,2020-09-30,Gwinnett P.U.,Duluth,GA,30096,788.39,internal
208,Power,2020-10-05 10:00:00,2020-10-01,kWh,241217.22,2020-10-01,2020-10-31,Georgia Power,Duluth,GA,30096,24121.72,internal
209,Gas,2020-10-05 10:00:00,2020-10-01,therms,4173.39,2020-10-01,2020-10-31,Gas South,Duluth,GA,30096,2504.03,internal
210,Water,2020-10-05 10:00:00,2020-10-01,CCF,1204.49,2020-10-01,2020-10-31,Gwinnett P.U.,Duluth,GA,30096,722.69,internal
211,Power,2020-11-05 10:00:00,2020-11-01,kWh,229730.68,2020-11-01,2020-11-30,Georgia Power,Duluth,GA,30096,22973.07,internal
212,Gas,2020-11-05 10:00:00,2020-11-01,therms,4695.06,2020-11-01,2020-11-30,Gas South,Duluth,GA,30096,2817.04,internal
213,Water,2020-11-05 10:00:00,2020-11-01,CCF,1149.74,2020-11-01,2020-11-30,Gwinnett P.U.,Duluth,GA,30096,689.84,internal
214,Power,2020-12-05 10:00:00,2020-12-01,kWh,225136.07,2020-12-01,2020-12-31,Georgia Power,Duluth,GA,30096,22513.61,internal
215,Gas,2020-12-05 10:00:00,2020-12-01,therms,5216.73,2020-12-01,2020-12-31,Gas South,Duluth,GA,30096,3130.04,internal
216,Water,2020-12-05 10:00:00,2020-12-01,CCF,1094.99,2020-12-01,2020-12-31,Gwinnett P.U.,Duluth,GA,30096,656.99,internal
217,Power,2021-01-05 10:00:00,2021-01-01,kWh,241217.22,2021-01-01,2021-01-31,Georgia Power,Duluth,GA,30096,24121.72,internal
218,Gas,2021-01-05 10:00:00,2021-01-01,therms,5373.24,2021-01-01,2021-01-31,Gas South,Duluth,GA,30096,3223.94,internal
219,Water,2021-01-05 10:00:00,2021-01-01,CCF,1138.79,2021-01-01,2021-01-31,Gwinnett P.U.,Duluth,GA,30096,683.27,internal
220,Power,2021-02-05 10:00:00,2021-02-01,kWh,229156.35,2021-02-01,2021-02-28,Georgia Power,Duluth,GA,30096,22915.64,internal
221,Gas,2021-02-05 10:00:00,2021-02-01,therms,5104.57,2021-02-01,2021-02-28,Gas South,Duluth,GA,30096,3062.74,internal
222,Water,2021-02-05 10:00:00,2021-02-01,CCF,1116.01,2021-02-01,2021-02-28,Gwinnett P.U.,Duluth,GA,30096,669.61,internal
223,Power,2021-03-05 10:00:00,2021-03-01,kWh,248453.73,2021-03-01,2021-03-31,Georgia Power,Duluth,GA,30096,24845.37,internal
224,Gas,2021-03-05 10:00:00,2021-03-01,therms,4835.91,2021-03-01,2021-03-31,Gas South,Duluth,GA,30096,2901.55,internal
225,Water,2021-03-05 10:00:00,2021-03-01,CCF,1138.79,2021-03-01,2021-03-31,Gwinnett P.U.,Duluth,GA,30096,683.27,internal
226,Power,2021-04-05 10:00:00,2021-04-01,kWh,253278.08,2021-04-01,2021-04-30,Georgia Power,Duluth,GA,30096,25327.81,internal
227,Gas,2021-04-05 10:00:00,2021-04-01,therms,4298.59,2021-04-01,2021-04-30,Gas South,Duluth,GA,30096,2579.15,internal
228,Water,2021-04-05 10:00:00,2021-04-01,CCF,1195.73,2021-04-01,2021-04-30,Gwinnett P.U.,Duluth,GA,30096,717.44,internal
229,Power,2021-05-05 10:00:00,2021-05-01,kWh,265338.94,2021-05-01,2021-05-31,Georgia Power,Duluth,GA,30096,26533.89,internal
230,Gas,2021-05-05 10:00:00,2021-05-01,therms,3761.26,2021-05-01,2021-05-31,Gas South,Duluth,GA,30096,2256.76,internal
231,Water,2021-05-05 10:00:00,2021-05-01,CCF,1252.67,2021-05-01,2021-05-31,Gwinnett P.U.,Duluth,GA,30096,751.6,internal
232,Power,2021-06-05 10:00:00,2021-06-01,kWh,289460.66,2021-06-01,2021-06-30,Georgia Power,Duluth,GA,30096,28946.07,internal
233,Gas,2021-06-05 10:00:00,2021-06-01,therms,3223.94,2021-06-01,2021-06-30,Gas South,Duluth,GA,30096,1934.36,internal
234,Water,2021-06-05 10:00:00,2021-06-01,CCF,1366.54,2021-06-01,2021-06-30,Gwinnett P.U.,Duluth,GA,30096,819.93,internal
235,Power,2021-07-05 10:00:00,2021-07-01,kWh,301521.52,2021-07-01,2021-07-31,Georgia Power,Duluth,GA,30096,30152.15,internal
236,Gas,2021-07-05 10:00:00,2021-07-01,therms,2686.62,2021-07-01,2021-07-31,Gas South,Duluth,GA,30096,1611.97,internal
237,Water,2021-07-05 10:00:00,2021-07-01,CCF,1480.42,2021-07-01,2021-07-31,Gwinnett P.U.,Duluth,GA,30096,888.25,internal
238,Power,2021-08-05 10:00:00,2021-08-01,kWh,301521.52,2021-08-01,2021-08-31,Georgia Power,Duluth,GA,30096,30152.15,internal
239,Gas,2021-08-05 10:00:00,2021-08-01,therms,2686.62,2021-08-01,2021-08-31,Gas South,Duluth,GA,30096,1611.97,internal
240,Water,2021-08-05 10:00:00,2021-08-01,CCF,1480.42,2021-08-01,2021-08-31,Gwinnett P.U.,Duluth,GA,30096,888.25,internal
241,Power,2021-09-05 10:00:00,2021-09-01,kWh,277399.8,2021-09-01,2021-09-30,Georgia Power,Duluth,GA,30096,27739.98,internal
242,Gas,2021-09-05 10:00:00,2021-09-01,therms,3223.94,2021-09-01,2021-09-30,Gas South,Duluth,GA,30096,1934.36,internal
243,Water,2021-09-05 10:00:00,2021-09-01,CCF,1366.54,2021-09-01,2021-09-30,Gwinnett P.U.,Duluth,GA,30096,819.93,internal
244,Power,2021-10-05 10:00:00,2021-10-01,kWh,253278.08,2021-10-01,2021-10-31,Georgia Power,Duluth,GA,30096,25327.81,internal
245,Gas,2021-10-05 10:00:00,2021-10-01,therms,4298.59,2021-10-01,2021-10-31,Gas South,Duluth,GA,30096,2579.15,internal
246,Water,2021-10-05 10:00:00,2021-10-01,CCF,1252.67,2021-10-01,2021-10-31,Gwinnett P.U.,Duluth,GA,30096,751.6,internal
247,Power,2021-11-05 10:00:00,2021-11-01,kWh,241217.22,2021-11-01,2021-11-30,Georgia Power,Duluth,GA,30096,24121.72,internal
248,Gas,2021-11-05 10:00:00,2021-11-01,therms,4835.91,2021-11-01,2021-11-30,Gas South,Duluth,GA,30096,2901.55,internal
249,Water,2021-11-05 10:00:00,2021-11-01,CCF,1195.73,2021-11-01,2021-11-30,Gwinnett P.U.,Duluth,GA,30096,717.44,internal
250,Power,2021-12-05 10:00:00,2021-12-01,kWh,236392.87,2021-12-01,2021-12-31,Georgia Power,Duluth,GA,30096,23639.29,internal
251,Gas,2021-12-05 10:00:00,2021-12-01,therms,5373.24,2021-12-01,2021-12-31,Gas South,Duluth,GA,30096,3223.94,internal
252,Water,2021-12-05 10:00:00,2021-12-01,CCF,1138.79,2021-12-01,2021-12-31,Gwinnett P.U.,Duluth,GA,30096,683.27,internal
253,Power,2022-01-05 10:00:00,2022-01-01,kWh,253278.08,2022-01-01,2022-01-31,Georgia Power,Duluth,GA,30096,25327.81,internal
254,Gas,2022-01-05 10:00:00,2022-01-01,therms,5534.43,2022-01-01,2022-01-31,Gas South,Duluth,GA,30096,3320.66,internal
255,Water,2022-01-05 10:00:00,2022-01-01,CCF,1184.34,2022-01-01,2022-01-31,Gwinnett P.U.,Duluth,GA,30096,710.6,internal
256,Power,2022-02-05 10:00:00,2022-02-01,kWh,240614.17,2022-02-01,2022-02-28,Georgia Power,Duluth,GA,30096,24061.42,internal
257,Gas,2022-02-05 10:00:00,2022-02-01,therms,5257.71,2022-02-01,2022-02-28,Gas South,Duluth,GA,30096,3154.63,internal
258,Water,2022-02-05 10:00:00,2022-02-01,CCF,1160.65,2022-02-01,2022-02-28,Gwinnett P.U.,Duluth,GA,30096,696.39,internal
259,Power,2022-03-05 10:00:00,2022-03-01,kWh,260876.42,2022-03-01,2022-03-31,Georgia Power,Duluth,GA,30096,26087.64,internal
260,Gas,2022-03-05 10:00:00,2022-03-01,therms,4980.99,2022-03-01,2022-03-31,Gas South,Duluth,GA,30096,2988.59,internal
261,Water,2022-03-05 10:00:00,2022-03-01,CCF,1184.34,2022-03-01,2022-03-31,Gwinnett P.U.,Duluth,GA,30096,710.6,internal
262,Power,2022-04-05 10:00:00,2022-04-01,kWh,265941.98,2022-04-01,2022-04-30,Georgia Power,Duluth,GA,30096,26594.2,internal
263,Gas,2022-04-05 10:00:00,2022-04-01,therms,4427.55,2022-04-01,2022-04-30,Gas South,Duluth,GA,30096,2656.53,internal
264,Water,2022-04-05 10:00:00,2022-04-01,CCF,1243.56,2022-04-01,2022-04-30,Gwinnett P.U.,Duluth,GA,30096,746.13,internal
265,Power,2022-05-05 10:00:00,2022-05-01,kWh,278605.88,2022-05-01,2022-05-31,Georgia Power,Duluth,GA,30096,27860.59,internal
266,Gas,2022-05-05 10:00:00,2022-05-01,therms,3874.1,2022-05-01,2022-05-31,Gas South,Duluth,GA,30096,2324.46,internal
267,Water,2022-05-05 10:00:00,2022-05-01,CCF,1302.77,2022-05-01,2022-05-31,Gwinnett P.U.,Duluth,GA,30096,781.66,internal
268,Power,2022-06-05 10:00:00,2022-06-01,kWh,303933.69,2022-06-01,2022-06-30,Georgia Power,Duluth,GA,30096,30393.37,internal
269,Gas,2022-06-05 10:00:00,2022-06-01,therms,3320.66,2022-06-01,2022-06-30,Gas South,Duluth,GA,30096,1992.4,internal
270,Water,2022-06-05 10:00:00,2022-06-01,CCF,1421.21,2022-06-01,2022-06-30,Gwinnett P.U.,Duluth,GA,30096,852.72,internal
271,Power,2022-07-05 10:00:00,2022-07-01,kWh,316597.6,2022-07-01,2022-07-31,Georgia Power,Duluth,GA,30096,31659.76,internal
272,Gas,2022-07-05 10:00:00,2022-07-01,therms,2767.22,2022-07-01,2022-07-31,Gas South,Duluth,GA,30096,1660.33,internal
273,Water,2022-07-05 10:00:00,2022-07-01,CCF,1539.64,2022-07-01,2022-07-31,Gwinnett P.U.,Duluth,GA,30096,923.78,internal
274,Power,2022-08-05 10:00:00,2022-08-01,kWh,316597.6,2022-08-01,2022-08-31,Georgia Power,Duluth,GA,30096,31659.76,internal
275,Gas,2022-08-05 10:00:00,2022-08-01,therms,2767.22,2022-08-01,2022-08-31,Gas South,Duluth,GA,30096,1660.33,internal
276,Water,2022-08-05 10:00:00,2022-08-01,CCF,1539.64,2022-08-01,2022-08-31,Gwinnett P.U.,Duluth,GA,30096,923.78,internal
277,Power,2022-09-05 10:00:00,2022-09-01,kWh,291269.79,2022-09-01,2022-09-30,Georgia Power,Duluth,GA,30096,29126.98,internal
278,Gas,2022-09-05 10:00:00,2022-09-01,therms,3320.66,2022-09-01,2022-09-30,Gas South,Duluth,GA,30096,1992.4,internal
279,Water,2022-09-05 10:00:00,2022-09-01,CCF,1421.21,2022-09-01,2022-09-30,Gwinnett P.U.,Duluth,GA,30096,852.72,internal
280,Power,2022-10-05 10:00:00,2022-10-01,kWh,265941.98,2022-10-01,2022-10-31,Georgia Power,Duluth,GA,30096,26594.2,internal
281,Gas,2022-10-05 10:00:00,2022-10-01,therms,4427.55,2022-10-01,2022-10-31,Gas South,Duluth,GA,30096,2656.53,internal
282,Water,2022-10-05 10:00:00,2022-10-01,CCF,1302.77,2022-10-01,2022-10-31,Gwinnett P.U.,Duluth,GA,30096,781.66,internal
283,Power,2022-11-05 10:00:00,2022-11-01,kWh,253278.08,2022-11-01,2022-11-30,Georgia Power,Duluth,GA,30096,25327.81,internal
284,Gas,2022-11-05 10:00:00,2022-11-01,therms,4980.99,2022-11-01,2022-11-30,Gas South,Duluth,GA,30096,2988.59,internal
285,Water,2022-11-05 10:00:00,2022-11-01,CCF,1243.56,2022-11-01,2022-11-30,Gwinnett P.U.,Duluth,GA,30096,746.13,internal
286,Power,2022-12-05 10:00:00,2022-12-01,kWh,248212.51,2022-12-01,2022-12-31,Georgia Power,Duluth,GA,30096,24821.25,internal
287,Gas,2022-12-05 10:00:00,2022-12-01,therms,5534.43,2022-12-01,2022-12-31,Gas South,Duluth,GA,30096,3320.66,internal
288,Water,2022-12-05 10:00:00,2022-12-01,CCF,1184.34,2022-12-01,2022-12-31,Gwinnett P.U.,Duluth,GA,30096,710.6,internal
289,Power,2023-01-05 10:00:00,2023-01-01,kWh,265941.98,2023-01-01,2023-01-31,Georgia Power,Duluth,GA,30096,26594.2,internal
290,Gas,2023-01-05 10:00:00,2023-01-01,therms,5700.47,2023-01-01,2023-01-31,Gas South,Duluth,GA,30096,3420.28,internal
291,Water,2023-01-05 10:00:00,2023-01-01,CCF,1231.71,2023-01-01,2023-01-31,Gwinnett P.U.,Duluth,GA,30096,739.03,internal
292,Power,2023-02-05 10:00:00,2023-02-01,kWh,252644.88,2023-02-01,2023-02-28,Georgia Power,Duluth,GA,30096,25264.49,internal
293,Gas,2023-02-05 10:00:00,2023-02-01,therms,5415.44,2023-02-01,2023-02-28,Gas South,Duluth,GA,30096,3249.27,internal
294,Water,2023-02-05 10:00:00,2023-02-01,CCF,1207.08,2023-02-01,2023-02-28,Gwinnett P.U.,Duluth,GA,30096,724.25,internal
295,Power,2023-03-05 10:00:00,2023-03-01,kWh,273920.24,2023-03-01,2023-03-31,Georgia Power,Duluth,GA,30096,27392.02,internal
296,Gas,2023-03-05 10:00:00,2023-03-01,therms,5130.42,2023-03-01,2023-03-31,Gas South,Duluth,GA,30096,3078.25,internal
297,Water,2023-03-05 10:00:00,2023-03-01,CCF,1231.71,2023-03-01,2023-03-31,Gwinnett P.U.,Duluth,GA,30096,739.03,internal
298,Power,2023-04-05 10:00:00,2023-04-01,kWh,279239.08,2023-04-01,2023-04-30,Georgia Power,Duluth,GA,30096,27923.91,internal
299,Gas,2023-04-05 10:00:00,2023-04-01,therms,4560.37,2023-04-01,2023-04-30,Gas South,Duluth,GA,30096,2736.22,internal
300,Water,2023-04-05 10:00:00,2023-04-01,CCF,1293.3,2023-04-01,2023-04-30,Gwinnett P.U.,Duluth,GA,30096,775.98,internal
301,Power,2023-05-05 10:00:00,2023-05-01,kWh,292536.18,2023-05-01,2023-05-31,Georgia Power,Duluth,GA,30096,29253.62,internal
302,Gas,2023-05-05 10:00:00,2023-05-01,therms,3990.33,2023-05-01,2023-05-31,Gas South,Duluth,GA,30096,2394.2,internal
303,Water,2023-05-05 10:00:00,2023-05-01,CCF,1354.88,2023-05-01,2023-05-31,Gwinnett P.U.,Duluth,GA,30096,812.93,internal
304,Power,2023-06-05 10:00:00,2023-06-01,kWh,319130.38,2023-06-01,2023-06-30,Georgia Power,Duluth,GA,30096,31913.04,internal
305,Gas,2023-06-05 10:00:00,2023-06-01,therms,3420.28,2023-06-01,2023-06-30,Gas South,Duluth,GA,30096,2052.17,internal
306,Water,2023-06-05 10:00:00,2023-06-01,CCF,1478.05,2023-06-01,2023-06-30,Gwinnett P.U.,Duluth,GA,30096,886.83,internal
307,Power,2023-07-05 10:00:00,2023-07-01,kWh,332427.47,2023-07-01,2023-07-31,Georgia Power,Duluth,GA,30096,33242.75,internal
308,Gas,2023-07-05 10:00:00,2023-07-01,therms,2850.23,2023-07-01,2023-07-31,Gas South,Duluth,GA,30096,1710.14,internal
309,Water,2023-07-05 10:00:00,2023-07-01,CCF,1601.23,2023-07-01,2023-07-31,Gwinnett P.U.,Duluth,GA,30096,960.74,internal
310,Power,2023-08-05 10:00:00,2023-08-01,kWh,332427.47,2023-08-01,2023-08-31,Georgia Power,Duluth,GA,30096,33242.75,internal
311,Gas,2023-08-05 10:00:00,2023-08-01,therms,2850.23,2023-08-01,2023-08-31,Gas South,Duluth,GA,30096,1710.14,internal
312,Water,2023-08-05 10:00:00,2023-08-01,CCF,1601.23,2023-08-01,2023-08-31,Gwinnett P.U.,Duluth,GA,30096,960.74,internal
313,Power,2023-09-05 10:00:00,2023-09-01,kWh,305833.28,2023-09-01,2023-09-30,Georgia Power,Duluth,GA,30096,30583.33,internal
314,Gas,2023-09-05 10:00:00,2023-09-01,therms,3420.28,2023-09-01,2023-09-30,Gas South,Duluth,GA,30096,2052.17,internal
315,Water,2023-09-05 10:00:00,2023-09-01,CCF,1478.05,2023-09-01,2023-09-30,Gwinnett P.U.,Duluth,GA,30096,886.83,internal
316,Power,2023-10-05 10:00:00,2023-10-01,kWh,279239.08,2023-10-01,2023-10-31,Georgia Power,Duluth,GA,30096,27923.91,internal
317,Gas,2023-10-05 10:00:00,2023-10-01,therms,4560.37,2023-10-01,2023-10-31,Gas South,Duluth,GA,30096,2736.22,internal
318,Water,2023-10-05 10:00:00,2023-10-01,CCF,1354.88,2023-10-01,2023-10-31,Gwinnett P.U.,Duluth,GA,30096,812.93,internal
319,Power,2023-11-05 10:00:00,2023-11-01,kWh,265941.98,2023-11-01,2023-11-30,Georgia Power,Duluth,GA,30096,26594.2,internal
320,Gas,2023-11-05 10:00:00,2023-11-01,therms,5130.42,2023-11-01,2023-11-30,Gas South,Duluth,GA,30096,3078.25,internal
321,Water,2023-11-05 10:00:00,2023-11-01,CCF,1293.3,2023-11-01,2023-11-30,Gwinnett P.U.,Duluth,GA,30096,775.98,internal
322,Power,2023-12-05 10:00:00,2023-12-01,kWh,260623.14,2023-12-01,2023-12-31,Georgia Power,Duluth,GA,30096,26062.31,internal
323,Gas,2023-12-05 10:00:00,2023-12-01,therms,5700.47,2023-12-01,2023-12-31,Gas South,Duluth,GA,30096,3420.28,internal
324,Water,2023-12-05 10:00:00,2023-12-01,CCF,1231.71,2023-12-01,2023-12-31,Gwinnett P.U.,Duluth,GA,30096,739.03,internal
325,Power,2024-01-05 10:00:00,2024-01-01,kWh,279239.08,2024-01-01,2024-01-31,Georgia Power,Duluth,GA,30096,27923.91,internal
326,Gas,2024-01-05 10:00:00,2024-01-01,therms,5871.48,2024-01-01,2024-01-31,Gas South,Duluth,GA,30096,3522.89,internal
327,Water,2024-01-05 10:00:00,2024-01-01,CCF,1280.98,2024-01-01,2024-01-31,Gwinnett P.U.,Duluth,GA,30096,768.59,internal
328,Power,2024-02-05 10:00:00,2024-02-01,kWh,265277.12,2024-02-01,2024-02-29,Georgia Power,Duluth,GA,30096,26527.71,internal
329,Gas,2024-02-05 10:00:00,2024-02-01,therms,5577.91,2024-02-01,2024-02-29,Gas South,Duluth,GA,30096,3346.74,internal
330,Water,2024-02-05 10:00:00,2024-02-01,CCF,1255.36,2024-02-01,2024-02-29,Gwinnett P.U.,Duluth,GA,30096,753.22,internal
331,Power,2024-03-05 10:00:00,2024-03-01,kWh,287616.25,2024-03-01,2024-03-31,Georgia Power,Duluth,GA,30096,28761.63,internal
332,Gas,2024-03-05 10:00:00,2024-03-01,therms,5284.33,2024-03-01,2024-03-31,Gas South,Duluth,GA,30096,3170.6,internal
333,Water,2024-03-05 10:00:00,2024-03-01,CCF,1280.98,2024-03-01,2024-03-31,Gwinnett P.U.,Duluth,GA,30096,768.59,internal
334,Power,2024-04-05 10:00:00,2024-04-01,kWh,293201.03,2024-04-01,2024-04-30,Georgia Power,Duluth,GA,30096,29320.1,internal
335,Gas,2024-04-05 10:00:00,2024-04-01,therms,4697.18,2024-04-01,2024-04-30,Gas South,Duluth,GA,30096,2818.31,internal
336,Water,2024-04-05 10:00:00,2024-04-01,CCF,1345.03,2024-04-01,2024-04-30,Gwinnett P.U.,Duluth,GA,30096,807.02,internal
337,Power,2024-05-05 10:00:00,2024-05-01,kWh,307162.99,2024-05-01,2024-05-31,Georgia Power,Duluth,GA,30096,30716.3,internal
338,Gas,2024-05-05 10:00:00,2024-05-01,therms,4110.04,2024-05-01,2024-05-31,Gas South,Duluth,GA,30096,2466.02,internal
339,Water,2024-05-05 10:00:00,2024-05-01,CCF,1409.08,2024-05-01,2024-05-31,Gwinnett P.U.,Duluth,GA,30096,845.45,internal
340,Power,2024-06-05 10:00:00,2024-06-01,kWh,335086.89,2024-06-01,2024-06-30,Georgia Power,Duluth,GA,30096,33508.69,internal
341,Gas,2024-06-05 10:00:00,2024-06-01,therms,3522.89,2024-06-01,2024-06-30,Gas South,Duluth,GA,30096,2113.73,internal
342,Water,2024-06-05 10:00:00,2024-06-01,CCF,1537.18,2024-06-01,2024-06-30,Gwinnett P.U.,Duluth,GA,30096,922.31,internal
343,Power,2024-07-05 10:00:00,2024-07-01,kWh,349048.85,2024-07-01,2024-07-31,Georgia Power,Duluth,GA,30096,34904.88,internal
344,Gas,2024-07-05 10:00:00,2024-07-01,therms,2935.74,2024-07-01,2024-07-31,Gas South,Duluth,GA,30096,1761.44,internal
345,Water,2024-07-05 10:00:00,2024-07-01,CCF,1665.27,2024-07-01,2024-07-31,Gwinnett P.U.,Duluth,GA,30096,999.16,internal
346,Power,2024-08-05 10:00:00,2024-08-01,kWh,349048.85,2024-08-01,2024-08-31,Georgia Power,Duluth,GA,30096,34904.88,internal
347,Gas,2024-08-05 10:00:00,2024-08-01,therms,2935.74,2024-08-01,2024-08-31,Gas South,Duluth,GA,30096,1761.44,internal
348,Water,2024-08-05 10:00:00,2024-08-01,CCF,1665.27,2024-08-01,2024-08-31,Gwinnett P.U.,Duluth,GA,30096,999.16,internal
349,Power,2024-09-05 10:00:00,2024-09-01,kWh,321124.94,2024-09-01,2024-09-30,Georgia Power,Duluth,GA,30096,32112.49,internal
350,Gas,2024-09-05 10:00:00,2024-09-01,therms,3522.89,2024-09-01,2024-09-30,Gas South,Duluth,GA,30096,2113.73,internal
351,Water,2024-09-05 10:00:00,2024-09-01,CCF,1537.18,2024-09-01,2024-09-30,Gwinnett P.U.,Duluth,GA,30096,922.31,internal
352,Power,2024-10-05 10:00:00,2024-10-01,kWh,293201.03,2024-10-01,2024-10-31,Georgia Power,Duluth,GA,30096,29320.1,internal
353,Gas,2024-10-05 10:00:00,2024-10-01,therms,4697.18,2024-10-01,2024-10-31,Gas South,Duluth,GA,30096,2818.31,internal
354,Water,2024-10-05 10:00:00,2024-10-01,CCF,1409.08,2024-10-01,2024-10-31,Gwinnett P.U.,Duluth,GA,30096,845.45,internal
355,Power,2024-11-05 10:00:00,2024-11-01,kWh,279239.08,2024-11-01,2024-11-30,Georgia Power,Duluth,GA,30096,27923.91,internal
356,Gas,2024-11-05 10:00:00,2024-11-01,therms,5284.33,2024-11-01,2024-11-30,Gas South,Duluth,GA,30096,3170.6,internal
357,Water,2024-11-05 10:00:00,2024-11-01,CCF,1345.03,2024-11-01,2024-11-30,Gwinnett P.U.,Duluth,GA,30096,807.02,internal
358,Power,2024-12-05 10:00:00,2024-12-01,kWh,273654.3,2024-12-01,2024-12-31,Georgia Power,Duluth,GA,30096,27365.43,internal
359,Gas,2024-12-05 10:00:00,2024-12-01,therms,5871.48,2024-12-01,2024-12-31,Gas South,Duluth,GA,30096,3522.89,internal
360,Water,2024-12-05 10:00:00,2024-12-01,CCF,1280.98,2024-12-01,2024-12-31,Gwinnett P.U.,Duluth,GA,30096,768.59,internal
